,Neighborhood,Neighborhood Latitude,Neighborhood Longitude,Venue ID,Venue,Venue Latitude,Venue Longitude,Venue Category,Tip Count,Rating,Like Count
0,Co-op City,40.874294193030146,-73.82993910812405,4be2b79d660ec9284d04ca3b,Townhouse Restaurant,40.876085887834265,-73.82886815052547,Restaurant,5,5.8,3
1,Eastchester,40.88755567735082,-73.82780644716419,4c406f2e6c1a9521a042b96a,McDonald's,40.88563631373264,-73.82683955509486,Burger Joint,10,6.0,1
2,Kingsbridge,40.881687371205246,-73.90281798724611,55568a71498e3524400a356e,Smashburger,40.884220851709706,-73.90033254824955,Burger Joint,8,8.4,3
3,Kingsbridge,40.881687371205246,-73.90281798724611,4b3789f3f964a520f34125e3,Riverdale Diner,40.88518285486936,-73.89948352054364,Diner,52,7.8,2
4,Kingsbridge,40.881687371205246,-73.90281798724611,4b9c9c6af964a520b27236e3,Land & Sea Restaurant,40.87788463309789,-73.90587282193539,Seafood Restaurant,19,7.7,3
5,Kingsbridge,40.881687371205246,-73.90281798724611,59b17fe23b4e0043787e1a7c,The Bronx Public,40.87837659295958,-73.90348117090952,Pub,6,8.7,3
6,Marble Hill,40.87655077879968,-73.91065965862988,4b5e451cf964a520f58629e3,Applebee's Grill + Bar,40.87368548,-73.90892769,American Restaurant,46,5.4,2
7,Woodlawn,40.89827261213809,-73.86731496814183,46212cb5f964a5208d451fe3,Rambling House,40.89843924053697,-73.86719657644849,Pub,35,8.3,1
8,Norwood,40.87722415599449,-73.87939073956818,4bb626e0f562ef3b2fb32f97,Sal's Pizzeria,40.87526935053057,-73.87956260705728,Pizza Place,11,7.9,2
9,Norwood,40.87722415599449,-73.87939073956818,4c6d5ce5e6b7b1f7af76a98e,Nicky's Coffee Shop,40.874932786273384,-73.87940404957489,Coffee Shop,11,7.8,3
10,Baychester,40.86685810725274,-73.83579759808124,4ac18d7ff964a5207a9720e3,TGI Fridays,40.86318917967161,-73.83380672336443,American Restaurant,55,5.9,1
11,City Island,40.84724670491817,-73.7864884526742,4b87d10cf964a5206ecd31e3,City Island Diner,40.84723782511342,-73.78624488983156,Diner,7,7.9,2
12,City Island,40.84724670491817,-73.7864884526742,4b6f7528f964a5205ff12ce3,The Snug,40.84719881133643,-73.78646581041706,Bar,5,6.5,3
13,Bedford Park,40.87018516497537,-73.88551218419138,4b171e79f964a5209cc223e3,Webster Cafe,40.86728998621904,-73.8836194832744,Diner,4,7.5,3
14,Bedford Park,40.87018516497537,-73.88551218419138,4baedf9ff964a520c0de3be3,Bedford Cafe Restaurant,40.87341387211989,-73.88919548256142,Diner,23,7.3,3
15,Fordham,40.86099679638657,-73.89642655981629,56819cbf498e3605c5fbab32,Checkers,40.862609,-73.901955,Burger Joint,2,7.3,3
16,Fordham,40.86099679638657,-73.89642655981629,4b954545f964a5203c9934e3,Fordham Restaurant,40.86273352895032,-73.89677774336448,Diner,6,7.3,2
17,Fordham,40.86099679638657,-73.89642655981629,4be332072fc7d13a2281083a,Burger King,40.86258428271915,-73.89618068933488,Fast Food Restaurant,4,5.8,2
18,Fordham,40.86099679638657,-73.89642655981629,4c8801830f3c236a2d4bef5c,Gyro King,40.86232369540614,-73.90042695931973,Greek Restaurant,13,6.1,2
19,Fordham,40.86099679638657,-73.89642655981629,4c0140ba94c1c9b667f8ba5f,McDonald's,40.861685,-73.892471,Fast Food Restaurant,6,5.7,3
20,Fordham,40.86099679638657,-73.89642655981629,4adba246f964a520962921e3,Applebee's Grill + Bar,40.86014004,-73.89111321,American Restaurant,33,5.5,3
21,East Tremont,40.84269615786057,-73.88735617532346,4d39a9bacc48224b57ae354f,North Star Cafe,40.84333558876738,-73.88698194733944,Café,21,8.4,1
22,East Tremont,40.84269615786057,-73.88735617532346,559585a6498e27a432a3d616,Checkers,40.845384398425686,-73.89061376452445,Burger Joint,0,6.2,1
23,High  Bridge,40.8366230107061,-73.92610209358138,515316ebe4b04c8e5fb65eb8,Checkers,40.83605933477685,-73.92287939786911,Burger Joint,0,6.1,1
24,Melrose,40.81975437059498,-73.90942160757443,4fa534cee4b0fed4819dc7d4,Perry Coffee Shop.,40.82343311944822,-73.91093964319761,Diner,7,7.5,3
25,Mott Haven,40.80623874935181,-73.91609987487583,57f4356d498e9b6bbc8a44f8,Milk Burger,40.803607,-73.919885,Burger Joint,0,7.6,3
26,Morrisania,40.82359198585537,-73.90150648943066,4bd7661835aad13ac3cf8ef3,White Castle,40.82196576899963,-73.89745368185666,Burger Joint,6,6.2,3
27,Soundview,40.82101219791406,-73.86574609554933,4b674194f964a5202f442be3,Jimbo's,40.82336160292545,-73.86814504394364,Breakfast Spot,13,7.5,2
28,Throgs Neck,40.815109258040096,-73.8163500215845,4bf471c198ac0f47190664a8,Muscle Maker Grill,40.819391233745925,-73.81729767562672,American Restaurant,18,9.1,2
29,Parkchester,40.83793782226733,-73.8560031053579,4cb8d3154352a1cd5a9988f5,Burger King,40.8375732,-73.8600513,Fast Food Restaurant,14,4.9,3
30,Westchester Square,40.84061949643274,-73.8421940760445,4b914c8ff964a5200eb133e3,Wendy's,40.842899804531605,-73.84535953402519,Burger Joint,4,7.8,3
31,Westchester Square,40.84061949643274,-73.8421940760445,4b64a9fff964a520b1c62ae3,White Castle,40.840287158930614,-73.84129308432539,Burger Joint,6,6.8,2
32,Westchester Square,40.84061949643274,-73.8421940760445,4d5f3bc6196ba093879f0b56,McDermott's Pub,40.84274284003696,-73.84602838861021,Pub,12,7.7,3
33,Westchester Square,40.84061949643274,-73.8421940760445,4b6a0d33f964a5205dc42be3,Tremont Diner,40.84005058086957,-73.83729837723685,Diner,20,7.6,2
34,Van Nest,40.84360847124722,-73.86629918075617,4bafc2f1f964a520a31e3ce3,Anthony's Pizza,40.845269327300976,-73.86609972700785,Pizza Place,5,7.2,3
35,Morris Park,40.847549063536384,-73.85040178030428,522b97a411d299ee4a3a10ca,Burger Time,40.84928804010554,-73.85358476993304,Burger Joint,9,8.0,3
36,Morris Park,40.847549063536384,-73.85040178030428,50180a6be4b0d405ec6454ea,The Stand,40.84886768657605,-73.8545026138027,Burger Joint,19,6.6,3
37,Belmont,40.857277100738976,-73.88845196134812,4c3d6ba2933b0f47326ae521,White Castle,40.85900319252771,-73.8864944604998,Burger Joint,16,7.8,3
38,Belmont,40.857277100738976,-73.88845196134812,4a73de62f964a5208fdd1fe3,Howl At The Moon,40.85757292782422,-73.88644395048595,Piano Bar,13,6.4,3
39,North Riverdale,40.9085428295067,-73.90453054908934,4a9ae4fdf964a520723320e3,Riverdale Steakhouse,40.90669106081043,-73.90404852446945,Burger Joint,11,7.4,3
40,Schuylerville,40.82657951686926,-73.82620275994081,4f2e27bee4b010c5f6982ad7,Brewski's Bar & Grill,40.82664104244332,-73.82248599450232,Bar,14,8.3,2
41,Edgewater Park,40.82198611816354,-73.81388514428627,4b5a3c87f964a5207fb628e3,The Wicked Wolf,40.819687706247905,-73.81735925205254,Pub,19,7.6,3
42,Bay Ridge,40.625801065010684,-74.0306206935382,4a9880f5f964a520692c20e3,The Kettle Black,40.62283909856897,-74.03141082168588,Bar,46,7.9,2
43,Bay Ridge,40.625801065010684,-74.0306206935382,4a9f1f91f964a5209b3c20e3,Cebu' Bar & Bistro,40.62181234249646,-74.03172698590136,New American Restaurant,61,7.7,3
44,Bay Ridge,40.625801065010684,-74.0306206935382,52e414ea498efa7a2abe118c,Wendy's,40.62230603400667,-74.02795895934105,Burger Joint,1,6.2,3
45,Bay Ridge,40.625801065010684,-74.0306206935382,4a9892a0f964a520be2c20e3,Cappuccino Cafe,40.62951041286022,-74.02853892492205,American Restaurant,10,6.2,3
46,Greenpoint,40.73020098486474,-73.954240931274,561eef16498e73af804a6752,Barley,40.73391856876721,-73.95494308195431,Burger Joint,16,7.6,3
47,Greenpoint,40.73020098486474,-73.954240931274,5285412911d2a3e51484ff56,The Brew Inn,40.731031,-73.95419100000002,Gastropub,26,8.0,3
48,Greenpoint,40.73020098486474,-73.954240931274,4a5a78f1f964a52064ba1fe3,Anella,40.73327191911455,-73.95801948957295,American Restaurant,142,8.8,3
49,Greenpoint,40.73020098486474,-73.954240931274,46869096f964a52048481fe3,Black Rabbit,40.730057019874174,-73.95658766171472,Bar,78,8.5,3
50,Greenpoint,40.73020098486474,-73.954240931274,57dc9cf9498e9b5df967d6c2,21 Greenpoint,40.72973145449354,-73.95989263835487,Bar,27,8.0,3
51,Greenpoint,40.73020098486474,-73.954240931274,5ae25347fd16bb002cf0c3f2,Elder Greene,40.73062110833443,-73.95769664253253,Bar,8,8.6,3
52,Greenpoint,40.73020098486474,-73.954240931274,5ad7c4224febd54bc97c5c47,Pelicana Chicken,40.73145241009625,-73.95450966745076,Fried Chicken Joint,15,8.4,3
53,Greenpoint,40.73020098486474,-73.954240931274,54283abd498e920cadc9692d,Slick Willie,40.72826009361087,-73.94946276978422,American Restaurant,12,6.9,3
54,Greenpoint,40.73020098486474,-73.954240931274,4bcf1883c564ef3ba33beff0,Le Gamin,40.72828009841782,-73.95733511406732,French Restaurant,72,8.0,3
55,Greenpoint,40.73020098486474,-73.954240931274,4a685faff964a52062ca1fe3,McDonald's,40.730389,-73.954109,Fast Food Restaurant,24,5.3,3
56,Greenpoint,40.73020098486474,-73.954240931274,4d1f7a7a8629224bb46a0b87,Garden Spot Cafe,40.73342100616382,-73.95820729218747,American Restaurant,7,5.6,1
57,Greenpoint,40.73020098486474,-73.954240931274,54a888e6498ef4dcbc458f1f,Hook & Cleaver,40.72979131513016,-73.95827997516524,Steakhouse,4,5.7,3
58,Brighton Beach,40.57682506566609,-73.96509448785343,56282e90498e9159a2f3c807,Wendy's,40.57788310107807,-73.96083749519805,Burger Joint,1,6.5,2
59,Sheepshead Bay,40.58689012678388,-73.94318640482987,4606214ef964a520c6441fe3,Roll N Roaster,40.584143455001524,-73.93955540497697,Sandwich Place,142,9.0,2
60,Sheepshead Bay,40.58689012678388,-73.94318640482987,4bb9004d1261d13ae934e998,Dessert Palace,40.583832572084106,-73.9442597274344,Burger Joint,9,7.2,2
61,Sheepshead Bay,40.58689012678388,-73.94318640482987,4b480401f964a520614626e3,Applebee's Grill + Bar,40.58388785,-73.94323487,American Restaurant,23,6.5,2
62,Sheepshead Bay,40.58689012678388,-73.94318640482987,4b7ae0bff964a52017432fe3,Kouros Bay Diner,40.589760712285965,-73.93971282705247,Diner,13,6.9,2
63,Crown Heights,40.67082917695298,-73.9432911907359,54cfdb36498e33e73a5d67b5,Boeuf & Bun,40.670465131620105,-73.94211271516724,Burger Joint,15,6.7,3
64,Crown Heights,40.67082917695298,-73.9432911907359,49f8fd61f964a520476d1fe3,Mendy's Crown Heights,40.66895205842575,-73.94219623980871,Burger Joint,6,6.5,3
65,Kensington,40.64238195800357,-73.98042110559481,528c27fd11d279a61b01496c,Brooklyn Comfort,40.64359091385288,-73.97758608570983,Restaurant,9,6.2,3
66,Windsor Terrace,40.656945835751074,-73.98007340430179,4a7c3df8f964a5200bec1fe3,The Double Windsor,40.66052504480458,-73.98028176631405,Bar,164,8.9,2
67,Windsor Terrace,40.656945835751074,-73.98007340430179,5361a097498e40a31baa411c,Krupa Grocery,40.659957167936675,-73.98069569997391,American Restaurant,46,8.5,2
68,Windsor Terrace,40.656945835751074,-73.98007340430179,4a1099f5f964a520e5761fe3,Rhythm & Booze,40.65759121594892,-73.97957961130055,Sports Bar,29,6.5,2
69,Prospect Heights,40.676822262254774,-73.96485924262697,4a6c86e5f964a520b8d01fe3,Tom's Restaurant,40.67453698094472,-73.96321631850594,Burger Joint,283,8.4,3
70,Prospect Heights,40.676822262254774,-73.96485924262697,50d5e0fce4b01e0c6330f7a1,Sunshine Co.,40.674672496487844,-73.96332178669509,American Restaurant,79,7.9,3
71,Prospect Heights,40.676822262254774,-73.96485924262697,4bf721834a67c928eb2123cf,Branded Saloon,40.679394059795115,-73.96816545095966,Whisky Bar,69,7.3,3
72,Prospect Heights,40.676822262254774,-73.96485924262697,4075e780f964a52056f21ee3,Soda Bar,40.67831607945023,-73.96859389991735,Bar,115,7.5,3
73,Prospect Heights,40.676822262254774,-73.96485924262697,5a1cc6a0e179105d3a0670e0,MeMe’s Diner,40.67767949351533,-73.96374983057217,American Restaurant,23,7.6,3
74,Prospect Heights,40.676822262254774,-73.96485924262697,4adcc0a7f964a520702f21e3,The Vanderbilt,40.6795177766136,-73.96836850595238,American Restaurant,141,7.0,3
75,Prospect Heights,40.676822262254774,-73.96485924262697,4b93f1bdf964a520c25b34e3,Penny House Cafe,40.67610945178208,-73.9634229196912,Coffee Shop,44,6.6,3
76,Prospect Heights,40.676822262254774,-73.96485924262697,4a298f27f964a520a7951fe3,Cafe Shane on Washington,40.674167307214645,-73.96311113619906,Breakfast Spot,41,6.2,3
77,Prospect Heights,40.676822262254774,-73.96485924262697,4e738451ae6050af79ebf95b,Neptune Diner II,40.676573883755935,-73.95926265892562,Diner,36,5.9,3
78,Williamsburg,40.70714439344255,-73.95811529220936,4ffe3889e4b01d5de4d4a81a,Blue Collar,40.71135771797885,-73.95771847756468,Burger Joint,106,8.1,3
79,Williamsburg,40.70714439344255,-73.95811529220936,48a1f340f964a5208e511fe3,Trophy Bar,40.70776758662049,-73.95578164000341,Bar,93,8.6,3
80,Williamsburg,40.70714439344255,-73.95811529220936,3fd66200f964a5209beb1ee3,Peter Luger Steak House,40.70995790682886,-73.96229110893742,Steakhouse,671,8.8,2
81,Williamsburg,40.70714439344255,-73.95811529220936,4c9bd1140313370443af4fd5,Checkers,40.70883844615671,-73.95864531397821,Burger Joint,16,5.8,3
82,Williamsburg,40.70714439344255,-73.95811529220936,4d33b71c2c76a1434f2f7ec7,Zamaan Hookah Bar and Lounge,40.707847422779714,-73.95581189700223,Hookah Bar,31,6.2,3
83,Bushwick,40.69811611017905,-73.92525797487053,53d8078c498ec85537d3df4a,Alphaville,40.700655570348815,-73.92571111977057,Bar,28,8.6,3
84,Bushwick,40.69811611017905,-73.92525797487053,534d916e498e45d9c44e6d0a,The Wheelhouse,40.699996984427685,-73.92440070116781,Sandwich Place,29,8.6,2
85,Bushwick,40.69811611017905,-73.92525797487053,4db9e32e0cb65435c5202dd4,OMG Pizza,40.69815120337451,-73.92545194772752,Pizza Place,18,6.3,3
86,Bushwick,40.69811611017905,-73.92525797487053,4f9c021ae4b0d2a3a901a018,Terry's Cafe & Grill,40.69572657117028,-73.92974543425366,Diner,7,6.3,3
87,Bedford Stuyvesant,40.6872316077205,-73.94178488690305,4b9ec1b5f964a5205dff36e3,Peaches HotHouse,40.68333096983621,-73.94385322214498,Fried Chicken Joint,241,8.8,3
88,Brooklyn Heights,40.695863722724134,-73.99378225496432,464c2546f964a520b4461fe3,Five Guys,40.69464577757514,-73.99381926824576,Burger Joint,30,7.6,3
89,Brooklyn Heights,40.695863722724134,-73.99378225496432,5720f0d3498e1984b627e7d7,B.GOOD,40.694696696070686,-73.99380026153257,Fast Food Restaurant,17,7.5,3
90,Brooklyn Heights,40.695863722724134,-73.99378225496432,49f3261bf964a520696a1fe3,Clark's Restaurant,40.69753293863099,-73.9930435186682,Diner,90,8.1,3
91,Brooklyn Heights,40.695863722724134,-73.99378225496432,4471bf9af964a5209c331fe3,Jack the Horse Tavern,40.699939665968046,-73.99363890600424,American Restaurant,88,8.4,3
92,Brooklyn Heights,40.695863722724134,-73.99378225496432,3fd66200f964a52057ee1ee3,Heights Cafe,40.695200824137935,-73.99589275866926,American Restaurant,51,6.5,2
93,Brooklyn Heights,40.695863722724134,-73.99378225496432,4a12b724f964a52090771fe3,Park Plaza Diner,40.69779079038551,-73.99168194893329,Diner,51,7.0,2
94,Brooklyn Heights,40.695863722724134,-73.99378225496432,40788a80f964a5206ef21ee3,Henry Street Ale House,40.699251,-73.992284,Pub,59,7.3,3
95,Brooklyn Heights,40.695863722724134,-73.99378225496432,4e851ede8231a2bbfef10e1f,Bevacco,40.69934693656375,-73.99213688652104,Italian Restaurant,51,6.7,3
96,Brooklyn Heights,40.695863722724134,-73.99378225496432,43655e80f964a52062291fe3,Teresa's Restaurant,40.69523887631173,-73.9960558355363,Eastern European Restaurant,49,6.6,2
97,Brooklyn Heights,40.695863722724134,-73.99378225496432,49c16439f964a520a4551fe3,O'Keefe's Bar & Grill,40.692061991244,-73.99118453406872,Bar,45,6.2,2
98,Cobble Hill,40.68791972248561,-73.99856139218471,4e98cba6b8f77b7a98e870d6,Moo Burger,40.68584457538074,-73.99422868325722,Burger Joint,107,8.2,3
99,Cobble Hill,40.68791972248561,-73.99856139218471,4ab6d694f964a520407920e3,Henry Public,40.690412864655855,-73.99641156481655,Gastropub,186,8.6,3
100,Cobble Hill,40.68791972248561,-73.99856139218471,52487385498e8d3af50faac2,The Long Island Bar,40.69064279618185,-73.99631850047321,Cocktail Bar,93,8.6,3
101,Cobble Hill,40.68791972248561,-73.99856139218471,4cbf097828d176b0a7c6226e,Colonie,40.69073324250775,-73.99596314123242,American Restaurant,233,9.2,2
102,Cobble Hill,40.68791972248561,-73.99856139218471,51ddd36f498ea2ad70eb9129,Vekslers,40.68534457902491,-74.00068713289978,Bar,35,8.1,3
103,Cobble Hill,40.68791972248561,-73.99856139218471,4a065aecf964a520ef721fe3,Watty & Meg,40.68556214714406,-73.99442741145907,American Restaurant,70,7.3,3
104,Cobble Hill,40.68791972248561,-73.99856139218471,5692966d498ea35a37251d26,Mex Carroll's Diner,40.685510319269106,-74.00250985465031,Diner,6,7.4,3
105,Cobble Hill,40.68791972248561,-73.99856139218471,4aecd620f964a520a7cb21e3,Jake's Bar B Que,40.685596849979476,-74.00240936363565,BBQ Joint,7,5.2,2
106,Carroll Gardens,40.682131885641844,-74.00037274122077,4e09bb7dfa767637fd396326,Bar Bruno,40.68351749855508,-73.9998304896896,Bar,83,8.2,3
107,Carroll Gardens,40.682131885641844,-74.00037274122077,4f615c02e4b015728758e99e,Jalopy Tavern,40.68135444334983,-74.00461728614081,Bar,30,8.4,3
108,Carroll Gardens,40.682131885641844,-74.00037274122077,58d933702f91cb026f478e38,East One Coffee Roasters,40.681128035266816,-73.99652634325895,Coffee Shop,30,9.0,3
109,Carroll Gardens,40.682131885641844,-74.00037274122077,43cd1428f964a520cf2d1fe3,Abilene,40.67885737510264,-73.99761573857809,Lounge,95,7.9,3
110,Carroll Gardens,40.682131885641844,-74.00037274122077,5adba8f4c0cacb3e62f55a45,Madcap Cafe,40.68015460233981,-73.99696175291047,Café,19,6.5,3
111,Carroll Gardens,40.682131885641844,-74.00037274122077,4a564295f964a520dfb41fe3,Cobble Hill Coffee Shop,40.683433578031774,-73.99542632829885,Diner,37,8.0,3
112,Red Hook,40.67625323025092,-74.01275897473569,4a412995f964a520daa41fe3,Fort Defiance,40.676790242032546,-74.01354759045259,American Restaurant,196,8.8,3
113,Red Hook,40.67625323025092,-74.01275897473569,5201821b498e3b3d43013e0d,Grindhaus,40.67923456519463,-74.01067398414692,American Restaurant,15,8.7,3
114,Red Hook,40.67625323025092,-74.01275897473569,4a074634f964a5203b731fe3,Brooklyn Ice House,40.67907998485091,-74.01090321157281,Dive Bar,79,8.6,3
115,Red Hook,40.67625323025092,-74.01275897473569,5044db54e4b0152f59242b55,The Grill At Fairway Market,40.67415171277811,-74.01768938840196,Burger Joint,1,6.3,3
116,Gowanus,40.673931143187204,-73.99444087145346,49c7bfecf964a520bb571fe3,Buttermilk Channel,40.67592444896118,-73.99906984462297,American Restaurant,360,8.9,3
117,Gowanus,40.673931143187204,-73.99444087145346,53d2d280498eb383dd42ac1a,Hard Times Sundaes,40.67365533620753,-73.99936167286349,Food Truck,6,8.2,3
118,Gowanus,40.673931143187204,-73.99444087145346,49d10b5af964a520545b1fe3,Bar Tano,40.67136258535797,-73.99103934276492,Italian Restaurant,49,8.0,3
119,Gowanus,40.673931143187204,-73.99444087145346,52a93a2711d23c836a9cd926,The Roof,40.67479556589228,-73.98913632404678,Bar,33,7.2,3
120,Gowanus,40.673931143187204,-73.99444087145346,4c5dbf402815c928c8c3b567,Court Street Grocers,40.67628734443692,-73.99880699967053,Food & Drink Shop,152,9.3,3
121,Fort Greene,40.688527260189815,-73.97290574369099,4c848884d8086dcbd4608a52,Brooklyn Public House,40.68953711323655,-73.96939820491572,Cocktail Bar,133,8.6,3
122,Fort Greene,40.688527260189815,-73.97290574369099,4aa29b03f964a520f44120e3,No. 7,40.68591599881639,-73.97316783643741,American Restaurant,163,8.5,3
123,Fort Greene,40.688527260189815,-73.97290574369099,5250553911d262bb0c732ee8,Cafe Paulette,40.68974307741666,-73.97579775071402,French Restaurant,50,8.3,3
124,Fort Greene,40.688527260189815,-73.97290574369099,45548f85f964a5200f3d1fe3,Mullane's,40.687162039393286,-73.97570117471452,Burger Joint,108,6.4,3
125,Fort Greene,40.688527260189815,-73.97290574369099,5674a0d0498e6700e5d5d699,The Quarter,40.68733137904053,-73.97485336935813,American Restaurant,19,7.0,3
126,Fort Greene,40.688527260189815,-73.97290574369099,422b9980f964a520d21f1fe3,Maison May,40.68946565224472,-73.96929148484402,French Restaurant,52,8.1,3
127,Fort Greene,40.688527260189815,-73.97290574369099,5afcb616356b49002c4c1811,Fulton Hall,40.687847997661606,-73.97854208388212,Bar,5,7.0,3
128,Fort Greene,40.688527260189815,-73.97290574369099,4ca6342076d3a093b22fff6a,Mo's Fort Greene,40.687086786502725,-73.97468663141944,Bar,60,7.5,3
129,Fort Greene,40.688527260189815,-73.97290574369099,4bcdd52e937ca593495fad92,Mega Bites Diner,40.68953187628527,-73.96943652826938,Diner,15,5.9,3
130,Park Slope,40.672320522682014,-73.97705030183931,4e24820a88774a43b788390d,Bareburger,40.671899897003335,-73.97762026256561,Burger Joint,90,8.6,3
131,Park Slope,40.672320522682014,-73.97705030183931,540ce9d0498e8ef1a0ad6a85,Burger Village,40.670347670059506,-73.97875359658781,Burger Joint,22,7.8,3
132,Park Slope,40.672320522682014,-73.97705030183931,5579bd50498e191d31ad8270,Brooklyn Burgers & Beer,40.67450404381487,-73.98181864255947,Burger Joint,30,8.2,2
133,Park Slope,40.672320522682014,-73.97705030183931,4e45bca962845e1d3c88924e,Kiwiana,40.67455920733161,-73.97574156333353,American Restaurant,63,8.0,3
134,Park Slope,40.672320522682014,-73.97705030183931,49c86272f964a52019581fe3,Bonnie's Grill,40.67431661397844,-73.98218183269694,Burger Joint,100,7.8,3
135,Park Slope,40.672320522682014,-73.97705030183931,59ce97225315937fce26cef1,Bar Basic,40.675241418058384,-73.9749497566003,Burger Joint,15,7.0,3
136,Park Slope,40.672320522682014,-73.97705030183931,4bd4dcf5cfa7b713ce0a25da,Grand Canyon Diner,40.67150617247381,-73.97775755063513,Diner,18,6.0,3
137,Park Slope,40.672320522682014,-73.97705030183931,3fd66200f964a520fce81ee3,Park Slope Ale House,40.6705311055026,-73.98193670895691,Pub,47,7.2,3
138,Flatlands,40.6304460437575,-73.92911302644681,5756a622498e08c7751959dd,Wendy's,40.6336,-73.92811999999998,Burger Joint,2,6.4,3
139,Manhattan Beach,40.57791350308661,-73.94353722891893,5720f2ed498e7499aafa92ac,Chillax Manhattan Beach Cafe,40.578697,-73.938004,Café,4,6.9,3
140,Bath Beach,40.599518702822415,-73.99875221443526,552c2d5a498e6e675f548cc8,Five Guys,40.59528911421907,-73.99997669541368,Burger Joint,7,8.3,3
141,Bath Beach,40.599518702822415,-73.99875221443526,521a7e8a498e9a3defc15591,Casa Edesia Pizza and Grill,40.600029694718316,-74.0025917316845,Italian Restaurant,5,7.3,3
142,Bath Beach,40.599518702822415,-73.99875221443526,4b102c53f964a520926a23e3,Burger King,40.6021572477629,-73.99456393788559,Fast Food Restaurant,5,6.5,2
143,Bath Beach,40.599518702822415,-73.99875221443526,4ba7bfbbf964a520d8af39e3,Wendy's,40.59547534081079,-74.00020211935043,Burger Joint,26,6.3,2
144,Dyker Heights,40.61921945772268,-74.01931375636029,5792ab2e498e1f75f8d0ac24,BurgerFi,40.61880988,-74.02133452,Burger Joint,8,7.4,3
145,Dyker Heights,40.61921945772268,-74.01931375636029,4bafb531f964a5209f193ce3,Nathan's Famous,40.618493525193294,-74.02185465130172,Hot Dog Joint,13,7.0,3
146,Gerritsen Beach,40.590848433902075,-73.93010170691203,4a4e253df964a52027ae1fe3,TGI Fridays,40.58689753826717,-73.9289344923327,American Restaurant,43,6.0,1
147,Clinton Hill,40.69322942188155,-73.96784306216374,510193528302126a99141178,Putnam's Pub & Cooker,40.69320919801698,-73.96900829387259,Pub,103,8.4,2
148,Clinton Hill,40.69322942188155,-73.96784306216374,54d4d008498e254c1e68dee4,Bar Bolinas,40.69334102737389,-73.9672447913059,Restaurant,41,8.7,3
149,Clinton Hill,40.69322942188155,-73.96784306216374,4fe4a0b0e4b02bd5c5dd3e2e,Mark's Gourmet Burgers,40.693259595834405,-73.96787612008579,Burger Joint,7,6.6,3
150,Clinton Hill,40.69322942188155,-73.96784306216374,4eda54ed5c5c96a2fe2886c8,Energy Fuel,40.69317624981301,-73.97039494998354,Juice Bar,14,7.6,3
151,Clinton Hill,40.69322942188155,-73.96784306216374,5025b0a3e4b0e4d95f9f9017,Burger UrWay,40.69318616991472,-73.97207987104555,Burger Joint,8,6.3,3
152,Clinton Hill,40.69322942188155,-73.96784306216374,4b083bbaf964a520ee0623e3,Johns Donuts and Coffee Shop,40.69349212192997,-73.96599395923141,Diner,17,7.6,3
153,Clinton Hill,40.69322942188155,-73.96784306216374,433f2300f964a52050281fe3,Mike's Coffee Shop,40.6897851151352,-73.96538115407442,Diner,83,8.6,3
154,Clinton Hill,40.69322942188155,-73.96784306216374,55dfb656498e758dc3f5e3c4,Gentleman Farmer Fort Greene,40.69322908174357,-73.97102274648931,Restaurant,13,7.7,3
155,Downtown,40.69084402109806,-73.98346337431107,4eeb4c51775b1d4812e0261c,Shake Shack,40.69212698255525,-73.98865815291195,Burger Joint,240,8.9,2
156,Downtown,40.69084402109806,-73.98346337431107,4ded556745dd3aa41d634703,Smashburger,40.68978407181625,-73.97961795332886,Burger Joint,73,7.6,2
157,Downtown,40.69084402109806,-73.98346337431107,4dcc0c3052b17cba4fb62352,Five Guys,40.693676129803436,-73.98608685891288,Burger Joint,37,7.9,3
158,Downtown,40.69084402109806,-73.98346337431107,59681d5b8b98fd6fb9b4dbb6,Hard Times Sundaes,40.691261,-73.98259,Burger Joint,3,7.7,3
159,Downtown,40.69084402109806,-73.98346337431107,3fd66200f964a5207cf11ee3,Junior's Restaurant,40.69001145156075,-73.98173375415746,Diner,358,8.5,3
160,Downtown,40.69084402109806,-73.98346337431107,4b5e4c9df964a520648829e3,Mile End Delicatessen,40.687549,-73.987018,Sandwich Place,310,8.9,2
161,Downtown,40.69084402109806,-73.98346337431107,595e8c08e2da196c103e7a9e,Andrew's Classic Roadside Hamburgers,40.69106041629913,-73.98290771677036,Burger Joint,4,6.3,3
162,Downtown,40.69084402109806,-73.98346337431107,4b5cceabf964a520074529e3,New Apollo Diner,40.69050855133503,-73.9878579745927,Diner,41,7.3,3
163,Downtown,40.69084402109806,-73.98346337431107,4a2b1f53f964a520a5961fe3,Dallas BBQ,40.69014068713885,-73.98686566328149,BBQ Joint,72,6.3,3
164,Downtown,40.69084402109806,-73.98346337431107,4a522e5df964a52055b11fe3,Luciano's,40.693985660266506,-73.98542137408862,Italian Restaurant,19,7.5,3
165,Downtown,40.69084402109806,-73.98346337431107,55f8a162498e17705afff914,Kimoto Rooftop,40.69154680398732,-73.98447183825604,Bar,20,6.1,2
166,Downtown,40.69084402109806,-73.98346337431107,505f4949e4b081c354dbd562,Dining Room,40.692119,-73.986621,Bar,13,5.6,3
167,Downtown,40.69084402109806,-73.98346337431107,4a799b0ff964a52039e71fe3,Au Bon Pain,40.69372084551512,-73.98655950648032,Bakery,23,6.4,2
168,Downtown,40.69084402109806,-73.98346337431107,4b9d7908f964a5200caf36e3,Burger King,40.6920532,-73.9883598,Fast Food Restaurant,21,4.7,2
169,Boerum Hill,40.687241380657376,-73.98357724689187,49ba5f96f964a52060531fe3,Building on Bond,40.686501872722566,-73.98515046129243,American Restaurant,219,8.2,3
170,Boerum Hill,40.687241380657376,-73.98357724689187,5a7200d997461724ba963ae5,Next Level Burger,40.68620707868772,-73.97875159246931,Burger Joint,9,7.5,3
171,Boerum Hill,40.687241380657376,-73.98357724689187,50417842e4b00690ba49d83a,Hollow Nickel,40.68577926849693,-73.98187953276093,Bar,47,7.7,3
172,Boerum Hill,40.687241380657376,-73.98357724689187,530931a5498e4079544a5f13,French Louie,40.68805616208543,-73.98815885880983,French Restaurant,112,9.0,3
173,Boerum Hill,40.687241380657376,-73.98357724689187,52111ce111d2e6fde814bcf2,St. Gambrinus Beer Shoppe,40.68502864547226,-73.97987252574748,Bar,49,9.0,3
174,Prospect Lefferts Gardens,40.65842001746986,-73.95489867077721,58028f8cd67c0471adf82c7e,Salem's Hour,40.66064409489931,-73.95064813148792,Café,12,6.9,3
175,City Line,40.67856995727482,-73.86797598081344,52e9007011d2656b10d84297,Checkers,40.678593757843814,-73.86683598160744,Burger Joint,2,6.3,3
176,Prospect Park South,40.64700860318523,-73.96261316716055,52dea0a0498e9813e3da908e,Checkers,40.6496179,-73.9629977,Burger Joint,2,6.6,3
177,Georgetown,40.62384524478424,-73.91607483951331,59e7a81264c8e16a71f8febd,Five Guys,40.626714,-73.9170613,Burger Joint,0,7.4,1
178,Georgetown,40.62384524478424,-73.91607483951331,4bb8ca6298c7ef3b0f683102,Vikki's Restaurant,40.61957159423979,-73.91750662238279,Breakfast Spot,7,5.6,2
179,Spring Creek,40.657139276582775,-73.86998779106547,5511d363498e21440e7e95d5,Smashburger,40.65363479879013,-73.87155128730647,Burger Joint,13,8.2,2
180,Spring Creek,40.657139276582775,-73.86998779106547,53c40d73498ec6e4bf38e720,Applebee's Grill + Bar,40.65402971,-73.87383153,American Restaurant,21,6.4,3
181,East Williamsburg,40.70849241041552,-73.93885815269203,4d673f06ae912d4396048f09,The Anchored Inn,40.70924278935182,-73.93718161072704,Dive Bar,70,8.6,3
182,East Williamsburg,40.70849241041552,-73.93885815269203,506cbae0e4b09691a78181ab,Sweet Science,40.70648558841228,-73.94303739909941,Bar,82,7.8,1
183,East Williamsburg,40.70849241041552,-73.93885815269203,4f50044ae4b03fbe28b12990,Tradesman,40.70819190094133,-73.93995957206695,Bar,48,8.4,3
184,North Side,40.714822906532056,-73.95880857587589,588cf4548b0ebb5d015a5964,Juanchi's Burger,40.71294743722325,-73.95890770379296,Burger Joint,18,8.0,3
185,North Side,40.714822906532056,-73.95880857587589,49c3df11f964a52081561fe3,Walter Foods,40.713443517170575,-73.9585818114249,American Restaurant,249,9.1,3
186,North Side,40.714822906532056,-73.95880857587589,439308daf964a520712b1fe3,DuMont Burger,40.71361910775793,-73.96191390880837,Burger Joint,228,8.1,2
187,North Side,40.714822906532056,-73.95880857587589,4bd254bd77b29c743da18e82,The Commodore,40.71408593052304,-73.95581668684504,American Restaurant,325,8.7,2
188,North Side,40.714822906532056,-73.95880857587589,5b05c761e7a2370039b6f1ff,Shake Shack,40.717372574839686,-73.96049213342168,Burger Joint,2,8.6,3
189,North Side,40.714822906532056,-73.95880857587589,4554c3b0f964a520113d1fe3,Juliette,40.71690816554318,-73.95909652424538,French Restaurant,269,8.6,3
190,North Side,40.714822906532056,-73.95880857587589,55f86e40498ed2f3a2e9fb1a,Quinoa Kitchen,40.714087541690226,-73.96159171584075,Burger Joint,9,7.2,3
191,North Side,40.714822906532056,-73.95880857587589,3fd66200f964a52069eb1ee3,Sweetwater Restaurant,40.71836741592055,-73.95999990648477,Gastropub,124,8.7,3
192,North Side,40.714822906532056,-73.95880857587589,570139a9498e16178005c729,Emmy Squared,40.712166,-73.95570500000002,Pizza Place,164,9.3,3
193,North Side,40.714822906532056,-73.95880857587589,47de3aebf964a5203a4e1fe3,Rabbithole,40.71225821376743,-73.9627964322234,American Restaurant,216,8.9,3
194,North Side,40.714822906532056,-73.95880857587589,4d06ef317d9ba35d4ad37223,Juniper,40.71882498435637,-73.95875722232549,American Restaurant,64,8.0,3
195,North Side,40.714822906532056,-73.95880857587589,4be5bbe8d4f7c9b6b9d52520,St. Anselm,40.71414471294114,-73.95598405757656,American Restaurant,288,9.3,3
196,North Side,40.714822906532056,-73.95880857587589,570c6629498e7ab0b8796332,MIDNIGHTS,40.71740674000676,-73.95839832495749,Bar,15,8.4,2
197,North Side,40.714822906532056,-73.95880857587589,448acb74f964a52048341fe3,Pies 'n' Thighs,40.711247914500696,-73.96144509176183,Fried Chicken Joint,554,8.9,3
198,North Side,40.714822906532056,-73.95880857587589,4d1829fae190721e1b3f2021,Crif Dogs,40.71699803215081,-73.95647564481764,Hot Dog Joint,211,8.5,3
199,North Side,40.714822906532056,-73.95880857587589,5aea243ec0af57002c200d68,Clinton Hall,40.71505295412933,-73.95921530663084,Restaurant,6,7.0,3
200,North Side,40.714822906532056,-73.95880857587589,4262f880f964a52025211fe3,Teddy's Bar & Grill,40.71920479788144,-73.95843052939567,Pub,117,7.3,3
201,North Side,40.714822906532056,-73.95880857587589,4581734ff964a520653f1fe3,Surf Bar,40.717636287030345,-73.95871390484886,Seafood Restaurant,156,7.7,3
202,North Side,40.714822906532056,-73.95880857587589,44ce1e0df964a52017361fe3,Egg,40.716650270205996,-73.96172307176344,Breakfast Spot,380,8.6,3
203,North Side,40.714822906532056,-73.95880857587589,429ba900f964a5209d241fe3,Snacky,40.71431800559917,-73.9608467453687,Asian Restaurant,62,8.3,3
204,North Side,40.714822906532056,-73.95880857587589,4e4ea8b5aeb70f12849528ed,St. Mazie,40.71244618231341,-73.95595408442469,Cocktail Bar,143,9.3,3
205,North Side,40.714822906532056,-73.95880857587589,5533caee498e93216b39b818,Abracadabra Brooklyn,40.712030074261435,-73.96290598436741,Breakfast Spot,28,8.4,3
206,North Side,40.714822906532056,-73.95880857587589,4197f180f964a520151e1fe3,Fabiane's,40.71673082800953,-73.95893920263242,Café,103,7.6,3
207,North Side,40.714822906532056,-73.95880857587589,5ba66139d41bb7002ce5e989,Trix Cafe,40.71886,-73.956622,Café,3,7.1,2
208,North Side,40.714822906532056,-73.95880857587589,4aa6ccdaf964a520064b20e3,Knitting Factory,40.71421851534021,-73.95575557482657,Rock Club,127,7.7,3
209,South Side,40.710861472650684,-73.95800095153338,4d2a0ca1888af04d176bd4af,Lighthouse,40.7107830177268,-73.95370438110912,New American Restaurant,84,7.9,2
210,South Side,40.710861472650684,-73.95800095153338,526b2d8e498ebc6b00a1c587,Randolph Beer WBURG,40.71196692965413,-73.96339869037553,American Restaurant,46,7.5,3
211,South Side,40.710861472650684,-73.95800095153338,512997d7e4b0b35362953cb1,OTB,40.71039332645751,-73.9636134675309,Bar,33,8.2,2
212,Navy Yard,40.698790872180545,-73.97164435527614,5b5ca4a1f870fd002cafcea7,Rip's Malt Shop,40.697617,-73.971886,Burger Joint,7,7.2,3
213,Fort Hamilton,40.614768126942295,-74.0319791453799,5081cf66e4b0b8e84399ecdf,The Wicked Monk,40.6171286019686,-74.03384858127117,Bar,33,8.3,2
214,Fort Hamilton,40.614768126942295,-74.0319791453799,4bd3644da8b3a593abe3695f,Hunter's Steak & Ale House,40.61660563943881,-74.03098585281313,Steakhouse,17,8.4,2
215,Fort Hamilton,40.614768126942295,-74.0319791453799,4ba3fa59f964a520c27338e3,UNO Pizzeria & Grill,40.61806515759511,-74.03002782198651,American Restaurant,23,6.5,3
216,Fort Hamilton,40.614768126942295,-74.0319791453799,51068fb7183f01adb53c3586,The Lockyard,40.61736777473677,-74.02964943412427,Beer Garden,43,8.3,3
217,Chinatown,40.715618422314364,-73.99427936255984,528d3763498e3be0efe0d555,Breakroom,40.716656,-73.99972199999998,Burger Joint,85,8.2,3
218,Chinatown,40.715618422314364,-73.99427936255984,583e5099b21014593fb544b0,The Flower Shop,40.71805698854421,-73.9920596318328,American Restaurant,23,8.6,3
219,Chinatown,40.715618422314364,-73.99427936255984,4fea4f60e4b020f59d4b35ab,Dudley's,40.71805300000001,-73.990353,Australian Restaurant,166,8.7,3
220,Chinatown,40.715618422314364,-73.99427936255984,572bcbaa498e16431ad34a61,The Commissary,40.71500419213064,-73.99100963130398,American Restaurant,12,8.3,3
221,Chinatown,40.715618422314364,-73.99427936255984,4f407084e4b020398c9e53b8,Randolph Beer NOLITA,40.71971908169585,-73.99481665865126,Beer Garden,110,8.3,2
222,Chinatown,40.715618422314364,-73.99427936255984,4faf2a31e4b09cca61d58138,Grey Lady,40.71895714410247,-73.9903795981843,Seafood Restaurant,62,7.1,2
223,Chinatown,40.715618422314364,-73.99427936255984,4e1b8c38d22de289c0babefd,CC's Cafe 2,40.71157580344289,-73.99458413743072,Café,26,7.6,3
224,Chinatown,40.715618422314364,-73.99427936255984,4fd38a04e4b065401a9aaf88,Forgtmenot,40.7144587613216,-73.9915463794752,New American Restaurant,96,8.9,2
225,Chinatown,40.715618422314364,-73.99427936255984,54fb2a13498e37b1c97bed2f,Farmhouse Restaurant,40.718027903443996,-73.9895256547027,American Restaurant,20,6.4,3
226,Chinatown,40.715618422314364,-73.99427936255984,53b042cf498e396ed84d1344,Two Hands,40.719729,-73.99609699999998,Café,319,8.8,3
227,Chinatown,40.715618422314364,-73.99427936255984,4a8feac7f964a520a51520e3,Mama Eatery,40.71496436184324,-73.99995314739066,Café,26,6.5,3
228,Washington Heights,40.85190252555309,-73.93690027985242,53a4688f498e92f6ece47c9f,Burger Heights,40.85026807331502,-73.93461812752481,Burger Joint,24,8.6,3
229,Washington Heights,40.85190252555309,-73.93690027985242,4e77e40118387f865961f673,Le Chéile,40.851459036018426,-73.93998920917511,Café,91,8.7,3
230,Washington Heights,40.85190252555309,-73.93690027985242,4d2d39b469f42d439d16ad8a,Pick and Eat,40.84755809230442,-73.93821158547597,Café,38,7.3,3
231,Washington Heights,40.85190252555309,-73.93690027985242,4b074d16f964a52092fb22e3,McDonald's,40.850094,-73.936035,Fast Food Restaurant,15,5.5,3
232,Washington Heights,40.85190252555309,-73.93690027985242,51e07e05498e1db52d319291,Scoop Cafe,40.849988223249156,-73.93539645226812,Café,5,6.4,3
233,Washington Heights,40.85190252555309,-73.93690027985242,4b6a1bf6f964a52033c82be3,Burger King,40.84908254582167,-73.93425665459574,Fast Food Restaurant,15,4.6,3
234,Inwood,40.867683964499186,-73.92121042203905,5814dc8ed67ca5038583da78,The Tubby Hook,40.86781567865924,-73.92073897853041,American Restaurant,5,7.5,3
235,Inwood,40.867683964499186,-73.92121042203905,53a108d6498efe2b536a8dc3,Cafe De Broadway,40.868299986514465,-73.9189277969204,Café,7,7.6,3
236,Inwood,40.867683964499186,-73.92121042203905,4bb78b10314e9521f346479d,Jimbo's,40.864432382908255,-73.91885747678715,Burger Joint,10,6.3,3
237,Inwood,40.867683964499186,-73.92121042203905,4be88652947820a1e802b5db,G's Coffee Shop,40.86841792395647,-73.92174351734803,Diner,30,8.0,2
238,Inwood,40.867683964499186,-73.92121042203905,4c33cd1d16adc928e942c49c,Garden Cafe,40.868050488858266,-73.92047699521964,Café,43,8.1,3
239,Inwood,40.867683964499186,-73.92121042203905,56218101498e22966bef8816,Inwood Bar and Grill,40.86704379362675,-73.92257045428569,Restaurant,11,7.5,1
240,Hamilton Heights,40.82360428481197,-73.94968791883373,4da8ee246e81162ae7b15710,Trufa,40.82308361212953,-73.95295214762749,Mediterranean Restaurant,46,8.1,3
241,Hamilton Heights,40.82360428481197,-73.94968791883373,4e4cd4e7bd413c4cc66c843d,Jimbo's Hamburger Palace,40.82595392371681,-73.94926043908728,Burger Joint,7,7.6,3
242,Hamilton Heights,40.82360428481197,-73.94968791883373,46e26948f964a520a24a1fe3,Cafe One,40.82213853417716,-73.94985305610274,Café,67,8.5,2
243,Hamilton Heights,40.82360428481197,-73.94968791883373,4b26afdaf964a520847f24e3,Nadal 2 Deli,40.82762619927646,-73.94940770484605,Burger Joint,18,6.6,3
244,Hamilton Heights,40.82360428481197,-73.94968791883373,52463a94498eeb73e959e43b,Checkers,40.82399309120629,-73.94505017947267,Burger Joint,8,5.9,3
245,Hamilton Heights,40.82360428481197,-73.94968791883373,540a5685498e696147312201,Grill On The Hill,40.82217710484206,-73.9499439013087,Bar,12,5.7,3
246,Manhattanville,40.81693442949784,-73.95738539351888,3fd66200f964a52067e81ee3,Toast 125,40.81486,-73.9594,Burger Joint,55,7.3,3
247,Manhattanville,40.81693442949784,-73.95738539351888,41b24f80f964a520661e1fe3,Dinosaur Bar-B-Que,40.81814687379685,-73.9606735523417,BBQ Joint,496,8.6,2
248,Manhattanville,40.81693442949784,-73.95738539351888,4c224b61fbe5c9b6eaa79921,Jimbos,40.813734176977135,-73.9561037819707,Burger Joint,12,7.0,2
249,Manhattanville,40.81693442949784,-73.95738539351888,4ae376f2f964a520719521e3,McDonald's,40.815940692650095,-73.95890951156615,Fast Food Restaurant,23,4.9,3
250,Central Harlem,40.81597606742418,-73.94321112603912,541c683e498ef421d4e16eb3,The Edge Harlem,40.819691575695686,-73.94607292237941,American Restaurant,57,9.1,2
251,Central Harlem,40.81597606742418,-73.94321112603912,4ba2273ff964a520a4df37e3,Jimbo's Hamburger Palace,40.81522423017631,-73.94000920888253,Burger Joint,22,7.0,3
252,Central Harlem,40.81597606742418,-73.94321112603912,4be3987d21d5a59341b31911,McDonald's,40.81793616004489,-73.94133964425923,Fast Food Restaurant,21,5.0,2
253,East Harlem,40.792249466630366,-73.94418223148531,4b80fc8df964a520489430e3,Smashiess,40.790268078798725,-73.94730036307469,Sandwich Place,14,8.3,3
254,East Harlem,40.792249466630366,-73.94418223148531,57c4f232498ecd018a7671e4,Harlem Shake,40.793836597366536,-73.93999542541836,Burger Joint,7,7.0,3
255,East Harlem,40.792249466630366,-73.94418223148531,4ae74368f964a520dda921e3,Pee Dee Steak House,40.79425972112027,-73.94275415185164,Steakhouse,16,6.9,3
256,East Harlem,40.792249466630366,-73.94418223148531,4b9ad23ef964a52006d935e3,McDonald's,40.789984,-73.946077,Burger Joint,8,6.1,2
257,East Harlem,40.792249466630366,-73.94418223148531,4ad90e1df964a520981721e3,Ricardo Steak House,40.79343473959523,-73.94047119574417,Steakhouse,83,8.6,2
258,East Harlem,40.792249466630366,-73.94418223148531,4b5f535af964a52024b429e3,Burger King,40.79052514655719,-73.94575461745262,Fast Food Restaurant,4,5.4,2
259,Upper East Side,40.77563857330185,-73.96050763135005,4bed875a91380f478508a018,Burger One,40.77522981691669,-73.9586854420627,Burger Joint,22,7.6,3
260,Upper East Side,40.77563857330185,-73.96050763135005,4db60dd04df05e5aaaff8c23,Eats,40.77232374284225,-73.96081599097909,Burger Joint,72,7.3,3
261,Upper East Side,40.77563857330185,-73.96050763135005,3fd66200f964a5204dea1ee3,Luke's Bar & Grill,40.77450325305382,-73.95722215905452,American Restaurant,42,7.1,3
262,Upper East Side,40.77563857330185,-73.96050763135005,4a63938af964a5205ac51fe3,Lexington Candy Shop Luncheonette,40.77763643640682,-73.95703015852048,Diner,79,8.1,3
263,Upper East Side,40.77563857330185,-73.96050763135005,4a18b5e7f964a520e0791fe3,Dylan Murphy's,40.77638543373941,-73.95576686149955,Burger Joint,43,6.6,3
264,Upper East Side,40.77563857330185,-73.96050763135005,4be1a99fa145c928f61d4e80,Wrap-N-Run Grill,40.774487176213405,-73.95928673467535,Restaurant,16,6.4,3
265,Upper East Side,40.77563857330185,-73.96050763135005,4a8b12c1f964a5205f0b20e3,Nectar,40.778317712525094,-73.96071279788916,Diner,29,6.0,3
266,Upper East Side,40.77563857330185,-73.96050763135005,4b282b9af964a520309024e3,The New Amity Restaurant,40.77980470462351,-73.95966389381256,Diner,17,6.7,3
267,Upper East Side,40.77563857330185,-73.96050763135005,4b212aaaf964a520993724e3,Lenox Hill Grill,40.773846015778474,-73.95971890374575,Diner,27,5.7,3
268,Upper East Side,40.77563857330185,-73.96050763135005,4abf9767f964a520399120e3,PJ Bernstein Deli Restaurant,40.77361531285603,-73.96082997322087,Deli / Bodega,18,6.1,3
269,Upper East Side,40.77563857330185,-73.96050763135005,3fd66200f964a52073e81ee3,Mad River Bar & Grille,40.776075279077475,-73.95598284452117,Pub,43,6.4,2
270,Yorkville,40.77592984988492,-73.94711784471833,51f194b7498e5ea7b6458f78,Bareburger,40.77776399957451,-73.94903864903888,Burger Joint,41,7.6,3
271,Yorkville,40.77592984988492,-73.94711784471833,4b0dd1d9f964a520b65023e3,Mansion Restaurant,40.7759621,-73.9467767,Diner,62,8.1,3
272,Yorkville,40.77592984988492,-73.94711784471833,5202340b498e2a22f0d56432,The Supply House,40.7775779,-73.952268,Bar,65,8.0,3
273,Yorkville,40.77592984988492,-73.94711784471833,467ffefcf964a52019481fe3,Cafe D'Alsace,40.77915220371585,-73.95106941461562,French Restaurant,172,8.7,3
274,Yorkville,40.77592984988492,-73.94711784471833,52bfac81498eeba382012f35,Bondurants,40.77711865075639,-73.95204331058143,Bar,111,9.1,3
275,Yorkville,40.77592984988492,-73.94711784471833,5734fe3f498ed7cf0dd66fef,Ethyl's Alcohol & Food,40.77699064154686,-73.95237618153155,Bar,24,7.7,3
276,Yorkville,40.77592984988492,-73.94711784471833,45fbbe93f964a52061441fe3,Genesis Bar & Restaurant,40.77954840119824,-73.95051207314302,Sports Bar,56,7.1,3
277,Yorkville,40.77592984988492,-73.94711784471833,3fd66200f964a520dbe81ee3,Rathbone's,40.779347123598974,-73.95069270894403,Sports Bar,77,7.1,2
278,Yorkville,40.77592984988492,-73.94711784471833,4a3d4791f964a5200ea21fe3,Gracie Mews Diner,40.77353688350829,-73.9517811929898,Diner,88,7.6,3
279,Yorkville,40.77592984988492,-73.94711784471833,52f287cc11d26849c4522392,Five Mile Stone,40.77724623519559,-73.95218284225119,Bar,95,7.6,3
280,Yorkville,40.77592984988492,-73.94711784471833,3fd66200f964a5206fe81ee3,Dorrian's Red Hand,40.77647497186799,-73.9525851447182,Bar,68,6.3,2
281,Yorkville,40.77592984988492,-73.94711784471833,4aaaf5cdf964a520475820e3,East End Bar & Grill,40.77740490094202,-73.94893499330323,Sports Bar,47,6.6,3
282,Yorkville,40.77592984988492,-73.94711784471833,5816825738fa002769098f5d,Mocha Burger Express,40.776147,-73.952964,Burger Joint,1,6.1,3
283,Yorkville,40.77592984988492,-73.94711784471833,5343e85d498ee3a87c5ca1fe,Gracie's Corner Diner,40.77777548513098,-73.9518106818528,Diner,20,6.3,3
284,Yorkville,40.77592984988492,-73.94711784471833,50e9f18de4b0924935787cab,International Wings Factory,40.78035918635292,-73.94689455172707,Wings Joint,19,6.9,3
285,Lenox Hill,40.768112658287365,-73.95885968813765,3fd66200f964a52044ea1ee3,J.G. Melon,40.77105,-73.95931,Burger Joint,455,8.7,1
286,Lenox Hill,40.768112658287365,-73.95885968813765,54f03650498ee77ce407e052,5 Napkin Burger,40.767448,-73.9596012,Burger Joint,20,7.8,3
287,Lenox Hill,40.768112658287365,-73.95885968813765,4f36cf39e4b0fc67a89276f5,Bareburger,40.768504958401984,-73.95519116524163,Burger Joint,86,8.2,3
288,Lenox Hill,40.768112658287365,-73.95885968813765,55f0d205498eb7dd602e122f,Mel's Burger Bar,40.77109561905668,-73.95669201047616,Burger Joint,16,7.1,2
289,Lenox Hill,40.768112658287365,-73.95885968813765,4ab2e033f964a520c56c20e3,Americas Burgers & Wraps,40.766911,-73.962512,Burger Joint,14,7.0,3
290,Lenox Hill,40.768112658287365,-73.95885968813765,3fd66200f964a520dbe71ee3,EJ's Luncheonette,40.770459,-73.959843,Diner,92,7.4,3
291,Lenox Hill,40.768112658287365,-73.95885968813765,49d012ecf964a520fc5a1fe3,The Stumble Inn,40.771316658668866,-73.95633817737706,Bar,138,7.0,2
292,Lenox Hill,40.768112658287365,-73.95885968813765,4f95cf8bd5fb282730b426c5,The Pony Bar,40.76978084671053,-73.95449468539174,Bar,128,8.4,3
293,Lenox Hill,40.768112658287365,-73.95885968813765,4ae230f8f964a5209f8b21e3,Cafe Luka,40.76696129261124,-73.95662560422727,Diner,36,7.0,1
294,Lenox Hill,40.768112658287365,-73.95885968813765,4dd927101f6ee146834c5e6a,Good Health Natural Cafe,40.769501678625616,-73.9548266531153,Vegetarian / Vegan Restaurant,18,6.7,2
295,Lenox Hill,40.768112658287365,-73.95885968813765,40f47780f964a520990a1fe3,Finnegans Wake,40.76855160620952,-73.95558314299699,Bar,18,6.8,3
296,Lenox Hill,40.768112658287365,-73.95885968813765,4b5c5b25f964a520362c29e3,Neil's Coffee Shop,40.769038471702274,-73.96314605175094,Diner,39,6.5,3
297,Lenox Hill,40.768112658287365,-73.95885968813765,4ad2b59ff964a52088e220e3,Silver Star Diner,40.76436301071809,-73.96165125146348,Diner,43,6.3,3
298,Upper West Side,40.7876579985349,-73.97705923630609,59bee8dee2d4aa3d685c37a9,J.G. Melon,40.78583587179941,-73.97646085991214,Burger Joint,9,8.0,3
299,Upper West Side,40.7876579985349,-73.97705923630609,4e6ab03588772457c493153b,Island Burgers & Shakes,40.78402855663061,-73.97773543063792,Burger Joint,54,8.1,3
300,Upper West Side,40.7876579985349,-73.97705923630609,44281118f964a520ba311fe3,Fred's Restaurant,40.78565778922317,-73.97653947514475,American Restaurant,145,8.1,2
301,Upper West Side,40.7876579985349,-73.97705923630609,4b67772af964a520ae502be3,5 Napkin Burger,40.78707,-73.97791,Burger Joint,166,7.0,3
302,Upper West Side,40.7876579985349,-73.97705923630609,3fd66200f964a5200ce91ee3,George Keeley NYC,40.78599000000001,-73.97617199999998,Pub,112,8.2,2
303,Upper West Side,40.7876579985349,-73.97705923630609,5349cafa11d2adce986d476d,e's BAR,40.786789787793204,-73.97565381430985,Bar,78,8.1,3
304,Upper West Side,40.7876579985349,-73.97705923630609,3fd66200f964a5203fea1ee3,Good Enough to Eat,40.78591765629621,-73.9726321073054,Burger Joint,314,7.8,3
305,Upper West Side,40.7876579985349,-73.97705923630609,4a541923f964a52008b31fe3,Hi-Life,40.785653503704474,-73.97640262142791,American Restaurant,52,7.0,3
306,Upper West Side,40.7876579985349,-73.97705923630609,51e773a850190e36800d5ccd,Burke & Wills,40.783570613513795,-73.97948846159886,Australian Restaurant,54,7.9,3
307,Upper West Side,40.7876579985349,-73.97705923630609,3fd66200f964a52068e91ee3,Sarabeth's West,40.783991183741506,-73.97771267491619,Breakfast Spot,133,8.1,3
308,Upper West Side,40.7876579985349,-73.97705923630609,4a6c86acf964a520b7d01fe3,Peacefood Cafe,40.78516588233607,-73.97706383152412,Vegetarian / Vegan Restaurant,218,8.6,2
309,Upper West Side,40.7876579985349,-73.97705923630609,581e56f30d63b178d22a0cc6,Caledonia Bar,40.7840904847856,-73.9777126525013,Bar,13,8.7,3
310,Upper West Side,40.7876579985349,-73.97705923630609,4394c89bf964a520842b1fe3,Nice Matin,40.78330210691345,-73.97838339603004,French Restaurant,101,7.7,2
311,Upper West Side,40.7876579985349,-73.97705923630609,49ccef74f964a5209f591fe3,City Diner,40.79105236015975,-73.97441903351526,Diner,55,7.6,2
312,Upper West Side,40.7876579985349,-73.97705923630609,4bf4254d706e20a1ebfda898,Big Daddy's,40.7911514,-73.97390829999998,Diner,99,6.8,2
313,Upper West Side,40.7876579985349,-73.97705923630609,59fe6daba92d9866eb4cdfc4,Big Bang Burger NYC,40.7842022,-73.9777571,American Restaurant,3,6.4,3
314,Upper West Side,40.7876579985349,-73.97705923630609,40fc6080f964a520250b1fe3,The Gin Mill,40.78460871565815,-73.97735348419155,Bar,122,6.9,3
315,Upper West Side,40.7876579985349,-73.97705923630609,3fd66200f964a52044e81ee3,Blondies,40.783487387809146,-73.97911071192236,Sports Bar,107,7.5,2
316,Upper West Side,40.7876579985349,-73.97705923630609,49f13760f964a5209e691fe3,St. James Gate Publick House,40.78449568971589,-73.97732893024434,Bar,52,7.5,3
317,Upper West Side,40.7876579985349,-73.97705923630609,3fd66200f964a5203be81ee3,Prohibition,40.78530141030111,-73.97297416179856,Bar,77,7.8,2
318,Upper West Side,40.7876579985349,-73.97705923630609,3fd66200f964a52064e91ee3,The Parlour,40.78845759879725,-73.97700050343445,Bar,59,6.0,3
319,Upper West Side,40.7876579985349,-73.97705923630609,52001d38498ebd3217fbe9de,Barley & Grain,40.783932890988034,-73.97778044082953,Whisky Bar,30,6.1,3
320,Upper West Side,40.7876579985349,-73.97705923630609,4acc9630f964a52005c920e3,Cafe on Broadway,40.78802524254015,-73.97675358617094,Café,19,6.7,3
321,Upper West Side,40.7876579985349,-73.97705923630609,4df0ceebd22d4336871907df,The Coffee Place,40.78417088815232,-73.97976315928804,Food Truck,6,6.8,3
322,Upper West Side,40.7876579985349,-73.97705923630609,4aa28cd7f964a520e04120e3,Cafe Eighty Two,40.785888686932175,-73.97849781926122,Diner,23,6.5,3
323,Upper West Side,40.7876579985349,-73.97705923630609,4e1c78a06284ae9cf27b9100,Mamma's Famous Ristorante,40.78802818608922,-73.97674458650052,Pizza Place,15,5.3,3
324,Upper West Side,40.7876579985349,-73.97705923630609,3fd66200f964a52042e81ee3,Jake's Dilemma,40.78426799409865,-73.97756732086017,Dive Bar,137,6.8,3
325,Lincoln Square,40.773528889421705,-73.9853377700127,4ab2a782f964a520c86b20e3,P.J. Clarke's,40.77184767661628,-73.98277613228193,Burger Joint,187,7.8,2
326,Lincoln Square,40.773528889421705,-73.9853377700127,5078c4f1e4b0dad821e1f6bd,The Smith,40.771505319588144,-73.98229201694723,American Restaurant,323,8.6,3
327,Lincoln Square,40.773528889421705,-73.9853377700127,4bf82d4e4a67c928beef24cf,Westside Restaurant,40.776110109438356,-73.98213525767649,Diner,47,7.1,3
328,Lincoln Square,40.773528889421705,-73.9853377700127,4b2ef4dbf964a520b5e824e3,Old John's Luncheonette,40.775323170285155,-73.98357457174409,American Restaurant,30,6.6,3
329,Lincoln Square,40.773528889421705,-73.9853377700127,4b01b98df964a520e04422e3,Olympic Flame Diner,40.771089889280894,-73.98719355945914,Diner,39,6.4,3
330,Clinton,40.7583336869064,-73.99640768221386,49d8c05df964a520c95d1fe3,5 Napkin Burger,40.76018000000001,-73.99109513128279,Burger Joint,436,8.5,3
331,Clinton,40.7583336869064,-73.99640768221386,54ddf9a1498e766ab85781f4,Friedman's,40.755270601991775,-73.99850924419556,American Restaurant,61,8.5,3
332,Clinton,40.7583336869064,-73.99640768221386,525d964a11d2be5d7eb1192c,Genuine Roadside,40.76238004254305,-73.99714227860706,American Restaurant,50,7.4,3
333,Clinton,40.7583336869064,-73.99640768221386,461f8cc8f964a5207e451fe3,West Bank Cafe,40.75865263806992,-73.99309881846278,American Restaurant,35,7.9,3
334,Clinton,40.7583336869064,-73.99640768221386,4665447af964a5207f471fe3,44 & X,40.76102377100562,-73.99451778340419,American Restaurant,177,7.9,3
335,Clinton,40.7583336869064,-73.99640768221386,43d9af53f964a520702e1fe3,Westway Diner,40.759463361033475,-73.99181609312694,Diner,160,7.9,2
336,Clinton,40.7583336869064,-73.99640768221386,50e1f055e4b0c48b6c1bc5c3,Smokey Burger Organic,40.75927362268507,-73.99062001731144,Burger Joint,21,6.5,3
337,Clinton,40.7583336869064,-73.99640768221386,5328895b498e4be8392022b3,East & West,40.75941317300476,-73.99543533747469,Restaurant,7,6.6,3
338,Clinton,40.7583336869064,-73.99640768221386,423e0e80f964a52049201fe3,Dalton's Bar & Grill,40.75925609137865,-73.99202422088419,Sports Bar,47,6.6,3
339,Clinton,40.7583336869064,-73.99640768221386,4d5c7eb11ef2f04de5bef5cd,Southern Hospitality,40.760453780766646,-73.99117301512263,Southern / Soul Food Restaurant,244,6.6,3
340,Clinton,40.7583336869064,-73.99640768221386,4ade7510f964a520fc7521e3,Theatre Row Diner,40.758789,-73.993798,Diner,29,6.5,3
341,Clinton,40.7583336869064,-73.99640768221386,4c4e37dcea24c9b6aa5f4915,Réunion Surf Bar,40.75961897955301,-73.99166690271579,Cocktail Bar,174,7.8,3
342,Midtown,40.75469110270628,-73.98166882730311,51ca35d4498e950b67e87df8,Shake Shack,40.75270011367852,-73.97709378302513,Burger Joint,122,8.5,3
343,Midtown,40.75469110270628,-73.98166882730311,4c20ecac4889a59372262720,Five Guys,40.75819556155353,-73.97970985854455,Burger Joint,65,8.3,3
344,Midtown,40.75469110270628,-73.98166882730311,4ce6d20af08f8eece5b40130,The Counter,40.75522799288076,-73.98674681653998,Burger Joint,228,8.1,3
345,Midtown,40.75469110270628,-73.98166882730311,4eb2ec5077c846fcfeb2d366,STK Midtown,40.75526151840718,-73.98288809343393,Burger Joint,108,7.8,3
346,Midtown,40.75469110270628,-73.98166882730311,4d5eb4429f67f04d1bcf63fb,BV's Burger,40.756944872447136,-73.98382274362702,Burger Joint,11,7.8,3
347,Midtown,40.75469110270628,-73.98166882730311,596ea52ec9a51775f8ac079d,Burger & Lobster,40.75610410226789,-73.98497824808942,American Restaurant,29,8.1,3
348,Midtown,40.75469110270628,-73.98166882730311,59af2bde65cdf82b4a51f617,by CHLOE.,40.7580629,-73.9788542,Vegetarian / Vegan Restaurant,20,8.9,2
349,Midtown,40.75469110270628,-73.98166882730311,51a687ba498ea278646fb5c3,Parker & Quinn,40.7526106,-73.98502839999998,American Restaurant,84,8.2,3
350,Midtown,40.75469110270628,-73.98166882730311,4a43b04ff964a520afa61fe3,Ruby Tuesday,40.75516955471529,-73.98693800107652,Burger Joint,164,7.7,2
351,Midtown,40.75469110270628,-73.98166882730311,56facbbd498e99adeb533117,Chick-fil-A,40.7574254,-73.9819682,Fast Food Restaurant,30,8.5,3
352,Midtown,40.75469110270628,-73.98166882730311,428a8580f964a52083231fe3,Hard Rock Cafe,40.75703518267677,-73.98661120492821,Theme Restaurant,621,8.6,3
353,Midtown,40.75469110270628,-73.98166882730311,4b0dc59af964a520cd4f23e3,Kosher Deluxe,40.75654725507125,-73.97991482494466,Burger Joint,17,7.0,3
354,Midtown,40.75469110270628,-73.98166882730311,5ab5be3ad3cce81a8231ceb3,Five Guys,40.75195946397741,-73.98617515749329,Burger Joint,1,8.6,3
355,Midtown,40.75469110270628,-73.98166882730311,3fd66200f964a5206aea1ee3,Aureole,40.755391430155335,-73.98541049111519,American Restaurant,89,7.8,3
356,Midtown,40.75469110270628,-73.98166882730311,4efe5a33d3e364d5fb05e280,Vitae,40.75558839999999,-73.9785483,American Restaurant,49,8.2,3
357,Midtown,40.75469110270628,-73.98166882730311,49dceeecf964a520c05f1fe3,HB Burger,40.756102707415664,-73.98492981296341,Burger Joint,80,6.6,3
358,Midtown,40.75469110270628,-73.98166882730311,4accaf20f964a52033c920e3,Brooklyn Diner,40.75650255874428,-73.98588918763393,Diner,109,7.5,3
359,Midtown,40.75469110270628,-73.98166882730311,3fd66200f964a52059ea1ee3,Pershing Square Café,40.75178280831583,-73.97793738146655,American Restaurant,152,7.5,3
360,Midtown,40.75469110270628,-73.98166882730311,3fd66200f964a5207de91ee3,Bryant Park Grill,40.75343337201152,-73.9833686571817,American Restaurant,152,7.1,3
361,Midtown,40.75469110270628,-73.98166882730311,52a95a8111d2ab3dfe7d35ee,The Shakespeare,40.75051219751051,-73.98022770881653,Gastropub,67,7.9,3
362,Midtown,40.75469110270628,-73.98166882730311,47676e3bf964a520f14c1fe3,BXL Cafe,40.756055107221336,-73.98482834631682,Bar,92,7.8,2
363,Midtown,40.75469110270628,-73.98166882730311,4c33a86a66e40f47d85cc88b,The Shop,40.752793,-73.98119399999999,American Restaurant,66,6.9,3
364,Midtown,40.75469110270628,-73.98166882730311,4a6a25c0f964a520b7cc1fe3,Connolly's Pub & Restaurant,40.75728220000001,-73.983625,Irish Pub,119,7.3,2
365,Midtown,40.75469110270628,-73.98166882730311,4bb637dcef159c74d09975f7,Bar 44,40.75550324388685,-73.98250839236468,Hotel Bar,40,7.4,3
366,Midtown,40.75469110270628,-73.98166882730311,5702afe6498ec2255b8c13f9,Burgers By Hard Times Sundaes,40.75444663999178,-73.97690863224912,Burger Joint,15,6.2,3
367,Midtown,40.75469110270628,-73.98166882730311,4a6baea8f964a52096cf1fe3,Planet Hollywood,40.7579436,-73.9851237,American Restaurant,142,6.7,3
368,Midtown,40.75469110270628,-73.98166882730311,4fd757bd003937c44976c991,Cock & Bull British Pub and Eatery,40.755946174428786,-73.98062072601766,Pub,66,7.4,3
369,Midtown,40.75469110270628,-73.98166882730311,4accda9cf964a520c5c920e3,Madison & Vine,40.752276384099396,-73.97965585644326,American Restaurant,40,6.5,3
370,Midtown,40.75469110270628,-73.98166882730311,4b12f781f964a520ca9123e3,The Long Room,40.7565753171848,-73.98438923361337,Pub,80,7.3,3
371,Midtown,40.75469110270628,-73.98166882730311,4ad103f8f964a520f4db20e3,Heartland Brewery,40.75630798593142,-73.98531803213417,Brewery,117,6.7,2
372,Midtown,40.75469110270628,-73.98166882730311,4f0f0e55e4b06ab9f9cb7036,Tri Tip Grill,40.75281239893301,-73.97731822635441,Burger Joint,16,6.3,3
373,Midtown,40.75469110270628,-73.98166882730311,3fd66200f964a5201dea1ee3,Virgil's Real BBQ,40.75685,-73.9851,BBQ Joint,273,7.9,2
374,Midtown,40.75469110270628,-73.98166882730311,4ac5468cf964a52052b120e3,Point Break NYC,40.75579063121789,-73.98037308190393,Bar,122,6.3,1
375,Midtown,40.75469110270628,-73.98166882730311,56ec7def38fa89316c537d66,Sean's Bar & Kitchen,40.75823158092072,-73.97991976303615,Irish Pub,14,6.8,2
376,Midtown,40.75469110270628,-73.98166882730311,49cd8f90f964a520ff591fe3,O'Briens Irish Pub,40.7581643679131,-73.98381175357929,Pub,62,7.2,3
377,Midtown,40.75469110270628,-73.98166882730311,3fd66200f964a52070e71ee3,Michael Jordan's The Steak House N.Y.C.,40.7530806,-73.9772353,Steakhouse,73,6.6,3
378,Midtown,40.75469110270628,-73.98166882730311,3fd66200f964a5207ee31ee3,Mulligan's Pub,40.75107885490096,-73.98050833984003,Pub,31,6.8,3
379,Midtown,40.75469110270628,-73.98166882730311,4ba2265af964a5205adf37e3,McDonald's,40.753042,-73.98028000000002,Fast Food Restaurant,39,5.6,3
380,Midtown,40.75469110270628,-73.98166882730311,41a12c00f964a520351e1fe3,Connolly's Pub & Restaurant,40.7561728,-73.9778118,Irish Pub,36,6.0,3
381,Midtown,40.75469110270628,-73.98166882730311,45c84eb8f964a5206b421fe3,The Perfect Pint,40.757275052984674,-73.98385738291942,Irish Pub,79,6.9,3
